{"branches": 82.6923076923077, "coverage": 94.40937781785392}