{"branches": 82.6923076923077, "coverage": 94.33919196530472}