{"branches": 82.6923076923077, "coverage": 94.35336976320583}